,Term1,Term2,similarity_score,Similarity_score_great_80,similarity_score_great_90
0,Glaucoma,Fibrillation,0.97040516,1,1
1,Carbatrol,Dilantin,0.94783485,1,1
2,Cardiomyopathy,Tylenol,0.928799,1,1
3,Herpes,Hyperthyroidism,0.9520922,1,1
4,Seasickness,Nausea,0.93582636,1,1
5,Coccidioidomycosis,Histoplasmosis,0.968901,1,1
6,Angina,Plavix,0.9441402,1,1
7,Zofran,Ipecac Syrup,0.93487895,1,1
8,Seizures,Insulin,0.93547064,1,1
9,Septicemia,Dyspnea,0.932854,1,1
10,Nystagmus,Incontinence,0.9052109,1,1
11,Seasickness,Ethanol,0.922346,1,1
12,Earache,Hyperacusis,0.9474245,1,1
13,Plague,Cholestyramine,0.93423027,1,1
14,Zovirax,Famvir,0.9471515,1,1
15,Nausea,Vomiting,0.9765603,1,1
16,Ketonuria,Chyluria,0.9619007,1,1
17,Convulsion,Ethanol,0.93522704,1,1
18,Parasitemia,Malaria,0.9729679,1,1
19,Proteinuria,Diabetes,0.9329721,1,1
20,Gastroenteritis,Cromolyn,0.9102672,1,1
21,Hypoproteinemia,Hunger,0.92807806,1,1
22,Spiriva,Serevent,0.9364066,1,1
23,Ketonuria,Folic Acid,0.9443057,1,1
24,Insulin,Glucagen,0.9552039,1,1
25,Cataracts,Wheezing,0.91285855,1,1
26,Methadone,Ultram,0.9292,1,1
27,Diabetes,Psoriasis,0.9399082,1,1
28,Blanching,Pallor,0.94006085,1,1
29,Thirsty,Lasix,0.93860435,1,1
30,Photosensitization,Aphonia,0.92267925,1,1
31,Polyuria,Chyluria,0.94601715,1,1
32,Psoriasis,Meningism,0.9426767,1,1
33,Virilism,Drooling,0.9416213,1,1
34,Comatose,Hepatitis,0.8990626,1,0
35,Sleeplessness,Agitation,0.9346914,1,1
36,Neuropathy,Glucophage,0.9469998,1,1
37,Psoriasis,Arthritis,0.94551337,1,1
38,Tuberculosis,Clubbing,0.9274849,1,1
39,Obesity,Diabetes,0.9701195,1,1
40,Thromboembolism,Hemoptysis,0.9015894,1,1
41,Pneumoniae,Ceftiaxone,0.9364198,1,1
42,Cardura,Hytrin,0.95840615,1,1
43,Cataracts,Glucophage,0.9193919,1,1
44,Cirrhosis,Banana Bag,0.9286183,1,1
45,Seizures,Carbatrol,0.91679084,1,1
46,Cataracts,Insulin,0.93028873,1,1
47,Anemia,Reticulocytosis,0.9329536,1,1
48,Convulsion,Carbatrol,0.92694306,1,1
49,Osteoporosis,Prednisolone,0.94839597,1,1
50,Seizures,Dilantin,0.9216604,1,1
51,Garlic,Fish Oil,0.94883174,1,1
52,Dyslipidemia,Fish Oil,0.9186856,1,1
53,Fibrillation,Angina,0.96267486,1,1
54,Cefoxitin,Ceftiaxone,0.9619771,1,1
55,Deafness,Ataxia,0.964305,1,1
56,Penicillin,Cefazolin,0.91219985,1,1
57,Diabetes,Insulin,0.9597234,1,1
58,Hemochromatosis,Anosmia,0.93544865,1,1
59,Ischemias,Mittelschmerz,0.9357583,1,1
60,Pallor,Aspirin,0.92509276,1,1
61,Earache,Crowning,0.9463815,1,1
62,Herpes,Cholestasis,0.9761468,1,1
63,Dyslipidemia,Cholestyramine,0.9261041,1,1
64,Rabies,Acne,0.97003525,1,1
65,Plague,Adenitis,0.9437437,1,1
66,Chyluria,Menouria,0.9365857,1,1
67,Alcohol,Antabuse,0.93738925,1,1
68,Codeine,Narcan,0.9638548,1,1
69,Coumadin,Aspirin,0.9615429,1,1
70,Vancocin,Glucotrol,0.9447092,1,1
71,Coccidioses,Meningitis,0.9298667,1,1
72,Pallor,Coumadin,0.94062316,1,1
73,Aneurysm,Osteoporosis,0.9448519,1,1
74,Ischemias,Toprol-XR,0.9440308,1,1
75,Flatulence,Glucagen,0.95402026,1,1
76,Cefazolin,Keflex,0.90301156,1,1
77,Osteoporosis,Thrombus,0.94696796,1,1
78,Encephalitis,Meningitis,0.9899619,1,1
79,Hemophilia,Thromboembolism,0.9230462,1,1
80,Arthritis,Arthralgia,0.928061,1,1
81,Urethrorrhea,Tremor,0.93801093,1,1
82,Anovulation,Carboplatin,0.92733574,1,1
83,Albumin,Heparin,0.98615307,1,1
84,Polyuria,Insulin,0.9294852,1,1
85,Snoring,Stridor,0.95066196,1,1
86,Psoriasis,Coreg,0.95367444,1,1
87,Haemorrhoids,Infertility,0.9410931,1,1
88,Epilepsy,Phenobarbital,0.9444403,1,1
89,Epilepsy,Alcohol,0.9464163,1,1
90,Psoriasis,Spasm,0.96248025,1,1
91,Snoring,Loperamide,0.9338398,1,1
92,Arteriosclerosis,Cholestyramine,0.92116314,1,1
93,Myelosuppression,Snoring,0.9122976,1,1
94,Pneumoniae,Septicemia,0.93348056,1,1
95,Hernias,Dementia,0.932487,1,1
96,Hematemesis,Vomiting,0.918399,1,1
97,Arthralgia,Pain,0.90756005,1,1
98,Synthroid,Lidocaine,0.9397676,1,1
99,Pneumoniae,Dyspnea,0.9253692,1,1
100,Bandemia,Meningism,0.93437207,1,1
101,Glaucoma,Fibrillation,0.97040516,1,1
102,Seasickness,Carsickness,0.97686416,1,1
103,Arthralgia,Clubbing,0.9160736,1,1
104,Hemophilia,Glucotrol,0.9294468,1,1
105,Dysuria,Plavix,0.9182759,1,1
106,Underexertion,Virilism,0.9375684,1,1
107,Aneurysm,Silvadene,0.9292948,1,1
108,Colchicine,Prednisolone,0.9724905,1,1
109,Hernia,Sinemet,0.9464062,1,1
110,Overnutrition,Seizures,0.9162966,1,1
111,Cataracts,Pancreatitis,0.9212406,1,1
112,Ethanol,Alcohol,0.97399753,1,1
113,Hyperthyroidism,Seizures,0.9496485,1,1
114,Esmolol,Amiodarone,0.9380037,1,1
115,Infertility,Carboplatin,0.95969194,1,1
116,Arthralgia,Neuralgia,0.92759746,1,1
117,Anoxemia,Propofol,0.93219805,1,1
118,Dizziness,Atenolol,0.8981182,1,0
119,Pancreatitis,Insulin,0.95401794,1,1
120,Gastroenteritis,Insulin,0.94542944,1,1
121,Leukopenia,Cefaclor,0.92702717,1,1
122,Histoplasmosis,Prednisolone,0.91762966,1,1
123,Neuropathy,Constipation,0.9849218,1,1
124,Clubbing,Dyspnea,0.9330775,1,1
125,Hemiplegia,Plavix,0.91470504,1,1
126,Mycosis,Lipitor,0.9383067,1,1
127,Rheumatism,Colchicine,0.92026323,1,1
128,Dyspnea,Penicillin,0.95058095,1,1
129,Cirrhosis,Hematemesis,0.90664786,1,1
130,Hemicrania,Headache,0.9472856,1,1
131,Loperamide,Dulcolax,0.910342,1,1
132,Sluggishness,Fatigue,0.9036333,1,1
133,Cardiomyopathies,Syncope,0.9274488,1,1
134,Anoxemia,Seizures,0.9336641,1,1
135,Seasickness,Ethanol,0.922346,1,1
136,Dyslipidemia,Iron,0.94476503,1,1
137,Thalassemia,Tremor,0.9825583,1,1
138,Convulsion,Wellbutrin,0.94092035,1,1
139,Angina,Levophed,0.9381894,1,1
140,Myositis,Medrol,0.93459505,1,1
141,Anovulation,Mittelschmerz,0.9298087,1,1
142,Earache,Amoxil,0.93360525,1,1
143,Ischemias,Aloe Vera,0.9139631,1,1
144,Bronchitis,Singulair,0.95301294,1,1
145,Lipitor,Lovastatin,0.92763823,1,1
146,Pneumoniae,Weakness,0.9333629,1,1
147,Spasm,Lasix,0.95701414,1,1
148,Torticollis,Erythromycin,0.92334425,1,1
149,Dermatitis,Allergy.,0.9569351,1,1
150,Silvadene,Ketamine,0.91642004,1,1
151,Arteriosclerosis,Ischemias,0.9183065,1,1
152,Hemochromatosis,Polyuria,0.9281982,1,1
153,Metatarsalgia,Toothache,0.931297,1,1
154,Dehydration,Starvation,0.970932,1,1
155,Colitis,Epilepsy,0.96893626,1,1
156,Diabetes,Polydipsia,0.9394418,1,1
157,Ketonuria,Starvation,0.9261742,1,1
158,Seizures,Valproic Acid,0.9180431,1,1
159,Gonorrhea,Plavix,0.9174985,1,1
160,Banana Bag,Vitamin B1,0.9168992,1,1
161,Hypothyroidism,Weakness,0.9494815,1,1
162,Thalassemia,Hemoglobinopathy,0.9394902,1,1
163,Reticulocytosis,Aspirin,0.91909945,1,1
164,Mycosis,Carboplatin,0.9288565,1,1
165,Mycoses,Meningitis,0.9456563,1,1
166,Pallor,Iron,0.9354597,1,1
167,Maculopapule,Macule,0.966167,1,1
168,Heartburn,Motrin,0.94190526,1,1
169,Aloe Vera,Vicodin,0.9353528,1,1
170,Codeine,Robitussin,0.94385886,1,1
171,Acetylcysteine,Adenosine,0.91580087,1,1
172,Cromolyn,Prednisolone,0.9062432,1,1
173,Spasm,Opisthotonus,0.92651093,1,1
174,Diarrhea,Cefaclor,0.91382295,1,1
175,Ceftazidime,Ceftiaxone,0.9692207,1,1
176,Pain,Morphine,0.9563866,1,1
177,Narcan,Duragesic,0.95349485,1,1
178,Vasculitis,Hemiplegia,0.913973,1,1
179,Colchicine,Probenecid,0.9332783,1,1
180,Cozaar,Diovan,0.9459614,1,1
181,Cirrhosis,Anemia,0.95364684,1,1
182,Cefepime,Bacitracin,0.9565363,1,1
183,Smallpox,Vaccinia,0.9363603,1,1
184,Starvation,Mittelschmerz,0.9247817,1,1
185,Photosensitization,Dermatitis,0.9266477,1,1
186,Dexamethasone,Actonel,0.946503,1,1
187,Hepatitis,Tylenol,0.92617697,1,1
188,Ischemias,Drooling,0.9381635,1,1
189,Hernias,Earache,0.94682896,1,1
190,Goiter,Scleroderma,0.9389726,1,1
191,Ataxia,Ethanol,0.93795013,1,1
192,zoonosis,Babesiosis,0.95718974,1,1
193,Rhonchi,Rales,0.94698304,1,1
194,Tiredness,Atenolol,0.91428584,1,1
195,Atherosclerosis,Angina,0.9336339,1,1
196,Hepatitis,Hematemesis,0.902685,1,1
197,Narcan,Morphine,0.94833046,1,1
198,Diarrhea,Colchicine,0.9794361,1,1
199,Myositis,Myopathy,0.90756345,1,1
200,Bronchitis,Loperamide,0.9075551,1,1
201,Dysuria,Cipro,0.9217929,1,1
202,Levaquin,Avelox,0.96185076,1,1
203,Hyperacusis,Bleomycin,0.9214425,1,1
204,Chloramphenicol,Ceftiaxone,0.9619278,1,1
205,Cefaclor,Cefoxitin,0.96808076,1,1
206,Erythromycin,Lidocaine,0.95564604,1,1
207,Hypothyroidism,Infertility,0.94780236,1,1
208,Protonix,Tums,0.9629523,1,1
209,Catatonia,Lethargy,0.93833447,1,1
210,Schistosomiasis,Cardura,0.93526447,1,1
211,Polydipsia,Polyuria,0.96030176,1,1
212,Cirrhosis,Lipitor,0.9237596,1,1
213,Stridor,Snoring,0.95066196,1,1
214,Atenolol,Lasix,0.91195214,1,1
215,Prostatism,Cipro,0.94602746,1,1
216,Dehydration,Dysentery,0.923911,1,1
217,Enalapril,Lisinopril,0.9816565,1,1
218,Hyperemesis,Carboplatin,0.9159428,1,1
219,Reticulocytosis,Hematemesis,0.920911,1,1
220,Uremias,Hypersomnolence,0.93380815,1,1
221,Myopathy,Trembling,0.95124364,1,1
222,Infertility,Fibrillation,0.96531856,1,1
223,Ketonuria,Insulin,0.94835335,1,1
224,Blastomycoses,Seizures,0.9070251,1,1
225,Candidiasis,Prostatorrhea,0.92884815,1,1
226,Heparin,Protamine Sulfate,0.9257324,1,1
227,Cardiomyopathy,Rales,0.93770534,1,1
228,Mycosis,Pain,0.92654026,1,1
229,Proteinuria,Rogaine,0.9276384,1,1
230,Angina,Dyspnea,0.95703995,1,1
231,Bacteremia,Amauroses,0.9273385,1,1
232,Dyslipidemia,Lipitor,0.9296553,1,1
233,Uremias,Emaciation,0.91750336,1,1
234,Osteoporosis,Cardiomyopathy,0.9609084,1,1
235,Hyperemesis,Nausea,0.93162435,1,1
236,Parasitemia,Cardialgia,0.90820247,1,1
237,Neuropathy,Insulin,0.9386728,1,1
238,Seasickness,Clubbing,0.92265475,1,1
239,Iron,Iron,0.99999994,1,1
240,Cardialgia,Loperamide,0.94333297,1,1
241,Rheumatism,Tylenol,0.9329943,1,1
242,Brucellosis,zoonosis,0.9638998,1,1
243,Atenolol,Toprol-XR,0.9365763,1,1
244,Emaciation,Cachexia,0.9337129,1,1
245,Aphonia,Mittelschmerz,0.9323759,1,1
246,Starvation,Anorexia,0.9658541,1,1
247,Blepharospasm,Coumadin,0.9257652,1,1
248,Ampicillin,Amoxil,0.9414366,1,1
249,Angina,Diarrhea,0.96374565,1,1
250,Lasix,Mannitol,0.940719,1,1
251,Uremias,Pyorrhea,0.93532985,1,1
252,Incontinence,Lasix,0.94195604,1,1
253,Thromboembolism,Heparin,0.9830944,1,1
254,Exophthalmos,Prostatism,0.9406854,1,1
255,Uremias,Aspirin,0.92132926,1,1
256,Sinemet,Gifulvin,0.9546273,1,1
257,Allergy.,Bacitracin,0.91862786,1,1
258,Hernia,Goiter,0.9195551,1,1
259,Dehydration,Syncope,0.9791156,1,1
260,Fish-mouthing,Polyuria,0.9170995,1,1
261,Arthritis,Rheumatism,0.9553504,1,1
262,Infertility,Anovulation,0.9429126,1,1
263,Bronchitis,Serevent,0.93834263,1,1
264,Mycosis,Histoplasmosis,0.9698197,1,1
265,Cataracts,Diabetes,0.93795794,1,1
266,Overnutrition,Malnutrition,0.951408,1,1
267,Convulsion,Epilepsy,0.9420007,1,1
268,Cyanosis,Folic Acid,0.9447622,1,1
269,Infertility,Blepharospasm,0.9133089,1,1
270,Neuropathy,Diabetes,0.9424838,1,1
271,Erythromycin,Allopurinol,0.9546476,1,1
272,Heartburn,Protonix,0.95066273,1,1
273,Pallor,Weakness,0.94141114,1,1
274,Hyperextension,Lopid,0.9017791,1,1
275,Weakness,Paresis,0.9418364,1,1
276,Hypothyroidism,Synthroid,0.932546,1,1
277,Grimaces,Hemiballismus,0.93661815,1,1
278,Exophthalmos,Synthroid,0.91394395,1,1
279,Infertility,Anovulation,0.9429126,1,1
280,Dizziness,Vertigo,0.9370612,1,1
281,Dyslipidemia,Angina,0.96043926,1,1
282,Giardiasis,Avitaminoses,0.94639486,1,1
283,Seizures,Aloe Vera,0.8856305,1,0
284,Zoloft,Prozac,0.94956195,1,1
285,Peritonitis,Ataxia,0.9693522,1,1
286,Actonel,Fosamax,0.9716251,1,1
287,Arthralgia,Chyluria,0.92043567,1,1
288,Clubbing,Constipation,0.9345448,1,1
289,Plavix,Lipitor,0.92953646,1,1
290,Primatine,Levophed,0.9464912,1,1
291,Constipation,Diarrhea,0.98828256,1,1
292,Arthritis,Cirrhosis,0.9294142,1,1
293,Meningitis,Tuberculosis,0.95218533,1,1
294,Dizziness,Ethanol,0.93434143,1,1
295,Cataracts,Narcan,0.92806786,1,1
296,Agitation,Morphine,0.9491582,1,1
297,Anosmia,Aphonia,0.9092993,1,1
298,Drooling,Sinemet,0.93869376,1,1
299,Cirrhosis,Methotrexate,0.9366049,1,1
300,Glaucoma,Headache,0.969038,1,1
301,Syncope,Weakness,0.9717257,1,1
302,Regurgitation,Heartburn,0.9631253,1,1
303,Activase,Streptase,0.9706712,1,1
304,Zithromax,Cipro,0.943732,1,1
305,Catatonia,Narcan,0.9549643,1,1
306,Arthralgia,Tylenol,0.91654223,1,1
307,Blepharospasm,Bedwetting,0.9323303,1,1
308,Photopsia,Headache,0.94928616,1,1
309,Meningitis,Headache,0.97238266,1,1
310,Glyburide,Avandia,0.9104058,1,1
311,Atherosclerosis,Cardialgia,0.91662455,1,1
312,Anosmia,Catch,0.8968296,1,0
313,HYPEREMESIS,Zofran,0.92956465,1,1
314,Angina,Corkscrewing,0.92613643,1,1
315,Thrombophilias,Hemoptysis,0.9370297,1,1
316,Obesity,Xenical,0.92273164,1,1
317,Glucotrol,Motrin,0.93424994,1,1
318,Atherosclerosis,Influenzae,0.9038671,1,1
319,Scapulalgia,Halitosis,0.9383193,1,1
320,Hepatomegaly,Hepatosplenomegaly,0.9847718,1,1
321,Anosmia,Digoxin,0.9080275,1,1
322,Meningitis,Vancocin,0.9541762,1,1
323,Hypersomnolence,Snoring,0.9579439,1,1
324,Prostatorrhea,Cipro,0.9480318,1,1
325,Flatulence,Halitosis,0.943614,1,1
326,Flushing,Iron,0.9296525,1,1
327,Mittelschmerz,Aphonia,0.9323759,1,1
328,Hemochromatosis,Arthritis,0.92430216,1,1
329,Clubbing,Vitamin K,0.9235797,1,1
330,Mittelschmerz,Toothache,0.90775394,1,1
331,Thirsty,Hunger,0.9529173,1,1
332,Sciatica,Motrin,0.92687035,1,1
333,Bronchitis,Pneumonia,0.97777027,1,1
334,Candidiasis,Medrol,0.8975067,1,0
335,Snoring,Ethanol,0.9323225,1,1
336,Fibrillation,Calamine,0.9479376,1,1
337,Digoxin,Cardizem,0.9325085,1,1
338,Xanax,Ativan,0.94493514,1,1
339,Hepatitis,Cirrhosis,0.95616376,1,1
340,Dyspnea,Medrol,0.9228838,1,1
341,Clubbing,Garlic,0.92568165,1,1
342,Rheumatism,Sleeplessness,0.9440582,1,1
343,Rheumatism,Prednisolone,0.9258407,1,1
344,Diabetes,Hyperglycemia,0.9597108,1,1
345,Fibrillation,Coumadin,0.93095934,1,1
346,Hemicrania,Nitroglycerine,0.9189652,1,1
347,Thromboembolism,Fibrillation,0.9715549,1,1
348,Hemoptysis,Coumadin,0.92708457,1,1
349,Osteoporosis,Actonel,0.9396937,1,1
350,Ataxia,Constipation,0.9765949,1,1
351,Mycosis,Coccidioses,0.97336245,1,1
352,Sciatica,Underexertion,0.9330137,1,1
353,Catapres,Toprol-XR,0.9334084,1,1
354,Appendicitis,Cefazolin,0.88535476,1,0
355,Ceftiaxone,Cefoxitin,0.9619771,1,1
356,Hemicrania,Tylenol,0.93912905,1,1
357,Plavix,Coumadin,0.96362966,1,1
358,Gastroenteritis,Dysentery,0.9387641,1,1
359,Epilepsy,Hepatomegaly,0.91882956,1,1
360,Hypoproteinemia,Hunger,0.92807806,1,1
361,Dyspnea,Serevent,0.93833685,1,1
362,Prilosec,Glucophage,0.95782596,1,1
363,Cisplatin,Zofran,0.924911,1,1
364,Medrol,Prednisolone,0.9150863,1,1
365,Ischemias,Lipitor,0.9357037,1,1
366,Scapulalgia,Nitroglycerine,0.9088539,1,1
367,Mycosis,Blastomycoses,0.97432894,1,1
368,Nausea,Zofran,0.927368,1,1
369,Cholestyramine,Zetia,0.9270963,1,1
370,Weakness,Zocor,0.93538624,1,1
371,Urethrorrhea,Aphonia,0.9535981,1,1
372,Carboplatin,Cisplatin,0.970554,1,1
373,Neuropathy,Syphilis,0.95769745,1,1
374,Syphilis,Penicillin,0.9647203,1,1
375,Isosorbide,Toprol-XR,0.9225548,1,1
376,Nephritis,Pyorrhea,0.9280832,1,1
377,Doxycyline,Penicillin,0.92220664,1,1
378,Uremias,Motrin,0.9237705,1,1
379,Rales,Cyanosis,0.9443926,1,1
380,Hyperextension,Hunger,0.9010285,1,1
381,Mittelschmerz,Actonel,0.95022696,1,1
382,Cirrhosis,Hemochromatosis,0.9291341,1,1
383,Pancreatitis,Cataract,0.97028834,1,1
384,Pancreatitis,Maculopapule,0.8775159,1,0
385,Thromboembolism,Dyspnea,0.9526459,1,1
386,Hepatitis,Hepatomegaly,0.9234796,1,1
387,Hyperacusis,Aphonia,0.93716425,1,1
388,Thrombocytopenia,Heartburn,0.9340307,1,1
389,Appendicitis,Peritonitis,0.9820539,1,1
390,Metatarsalgia,Colchicine,0.9176751,1,1
391,Bandemia,Granulocytosis,0.9237126,1,1
392,Levophed,Propofol,0.938693,1,1
393,Rheumatism,Polyarthritides,0.95756745,1,1
394,Chills,Snoring,0.91671276,1,1
395,Camelpox,Echinacea,0.93881106,1,1
396,Overnutrition,Sandimmune,0.88131464,1,0
397,Leukopenia,Bleomycin,0.9273947,1,1
398,Synthroid,Armor Thyroid,0.93675727,1,1
399,Atherosclerosis,Urethrorrhea,0.9084856,1,1
400,Fibrillation,Synthroid,0.9395115,1,1
401,Thrombophilias,Coumadin,0.9304198,1,1
402,Hemiplegia,Headache,0.92224944,1,1
403,Atherosclerosis,Toothache,0.91651195,1,1
404,Clonus,Spasm,0.9528525,1,1
405,Pyorrhea,Nephritis,0.9280832,1,1
406,Dyspnea,Narcan,0.9402165,1,1
407,Brucellosis,Narcan,0.93899184,1,1
408,Meningism,Hyperesthesia,0.94602305,1,1
409,Thalassemia,Iron,0.98425955,1,1
410,Nitroglycerine,Toprol-XR,0.9269518,1,1
411,Allergy.,Meningism,0.93187994,1,1
412,Hyperoxia,Xenical,0.9545761,1,1
413,Airsickness,Osteoporosis,0.9379714,1,1
414,Constipation,Cardizem,0.93820786,1,1
415,Candidiasis,Mycosis,0.96224606,1,1
416,Zocor,Fish Oil,0.91346735,1,1
417,comatose,Anoxemia,0.92691624,1,1
418,Angina,Cardialgia,0.9200216,1,1
419,Vasculitis,Convulsion,0.937123,1,1
420,Syncope,Xanax,0.941493,1,1
421,Gonorrhea,Xenical,0.92669564,1,1
422,Hyperoxia,Xenical,0.9545761,1,1
423,Schistosomiasis,Parasitemia,0.97095674,1,1
424,Lipitor,Zocor,0.9363985,1,1
425,Snoring,Welts,0.93319374,1,1
426,Anoxemia,Ataxia,0.9554843,1,1
427,comatose,Cataracts,0.91760695,1,1
428,Wellbutrin,Endep,0.9396581,1,1
429,Anosmia,Constipation,0.89890015,1,0
430,Headache,Flushing,0.9256689,1,1
431,Bandemia,Nausea,0.9260054,1,1
432,Phenobarbital,Valproic Acid,0.9507754,1,1
433,Bleomycin,Antabuse,0.93940264,1,1
434,Avitaminoses,Starvation,0.92360914,1,1
435,Mycosis,Medrol,0.9238083,1,1
436,Polyarthritides,Arthralgia,0.95502615,1,1
437,Cardiomyopathy,Angina,0.96746385,1,1
438,Cirrhosis,Zocor,0.92713386,1,1
439,Hunger,Starvation,0.9706,1,1
440,Hypothyroidism,comatose,0.92293096,1,1
441,Influenzae,Amantadine,0.9011054,1,1
442,Tylenol,Motrin,0.9391762,1,1
443,Hyperoxia,Anoxemia,0.9584576,1,1
444,Ischemias,Isosorbide,0.91170776,1,1
445,Anovulation,Torticollis,0.93293095,1,1
446,Tuberculosis,Hemoptysis,0.923151,1,1
447,Fibrillation,Angina,0.96267486,1,1
448,Hypothyroidism,Tiredness,0.92571133,1,1
449,Syphilis,Dementias,0.94022614,1,1
450,Carboplatin,Zofran,0.92561805,1,1
451,Drooling,Chills,0.94240963,1,1
452,Arthritis,Underexertion,0.91863453,1,1
453,Diabetes,Polyuria,0.9280168,1,1
454,Hemoptysis,Hematemesis,0.96164584,1,1
455,Proteinuria,Lisinopril,0.91764134,1,1
456,Drooling,Sinemet,0.93869376,1,1
457,Pallor,Albumin,0.9290568,1,1
458,Syphilis,Gonorrhea,0.94867027,1,1
459,Cataracts,Scapulalgia,0.9297509,1,1
460,Epilepsy,Ativan,0.9347189,1,1
461,Adenitis,Stridor,0.9497806,1,1
462,Heartburn,Pepcid,0.9571057,1,1
463,Clubbing,Spiriva,0.912347,1,1
464,Asthma,Urolithiasis,0.9176138,1,1
465,Thromboembolism,Coumadin,0.94069016,1,1
466,Fibrillation,Halitosis,0.922295,1,1
467,Glomerulosclerosis,Proteinuria,0.9314475,1,1
468,Nocturia,Diabetes,0.9277335,1,1
469,Seizures,Calamine,0.9166612,1,1
470,Scapulalgia,Metatarsalgia,0.9499571,1,1
471,Allopurinol,Colchicine,0.92123973,1,1
472,Hemochromatosis,Arthralgia,0.9330111,1,1
473,Amantadine,Tamiflu,0.9461466,1,1
474,Meningitis,Ceftiaxone,0.931009,1,1
475,Myositis,Lipitor,0.92917883,1,1
476,Pneumonia,Cyanosis,0.923404,1,1
477,Thromboembolism,Syncope,0.9811139,1,1
478,Cluttering,Nitroglycerine,0.9165224,1,1
479,Thrombocytopenia,Arthritis,0.92024577,1,1
480,Syncope,Atenolol,0.8955348,1,0
481,Tremor,Sinemet,0.9562198,1,1
482,Epilepsy,Anosmia,0.90348256,1,1
483,Agitation,Synthroid,0.93903375,1,1
484,Anovulation,Emaciation,0.95171285,1,1
485,Erythema,Dilantin,0.93800414,1,1
486,Dehydration,Candidiases,0.92270654,1,1
487,Rales,Hyperacusis,0.9458319,1,1
488,Cortisone,Adenosine,0.93794245,1,1
489,Headache,Tylenol,0.93040067,1,1
490,Arthritis,Metatarsalgia,0.93012196,1,1
491,Erythema,Tremor,0.9286182,1,1
492,Obesity,Snoring,0.9419096,1,1
493,Dyspnea,Cyanosis,0.94516397,1,1
494,Uremias,Nausea,0.9311957,1,1
495,Prostatism,Prostatorrhea,0.96321285,1,1
496,Hemoglobinopathy,Pain,0.9244071,1,1
497,comatose,Hyperglycemia,0.9209297,1,1
498,Weakness,Emaciation,0.9327881,1,1
499,Thirsty,Hunger,0.9529173,1,1
500,Dyspnea,Spiriva,0.9179471,1,1
501,Dyslipidemia,Activase,0.9390801,1,1
502,Leukopenia,Penicillin,0.9225863,1,1
503,Meningitis,Meningism,0.9595113,1,1
504,Weakness,Glucagen,0.95151514,1,1
505,Constipation,Calan,0.94531703,1,1
506,Fibrillation,Atenolol,0.89857197,1,0
507,Goiter,Vasculitis,0.93905634,1,1
508,Nocturia,Bacitracin,0.9041069,1,1
509,Hyperthyroidism,Osteoporosis,0.95562756,1,1
510,Dyslipidemia,Hyperlipidemia,0.9809288,1,1
511,Pallor,Blanching,0.94006085,1,1
512,Vfend,Prozac,0.9314517,1,1
513,Hemoptysis,Protamine Sulfate,0.9262503,1,1
514,Mastodynia,Earache,0.9558925,1,1
515,Rales,Lasix,0.9458694,1,1
516,Anemia,Coumadin,0.9279589,1,1
517,Sinemet,Sinemet,0.99999976,1,1
518,Dermatitis,Aloe Vera,0.9047076,1,1
519,Coccidioses,Medrol,0.9232615,1,1
520,Tiredness,Hypersomnolence,0.93725467,1,1
521,Polyuria,Ketonuria,0.95885223,1,1
522,Toothache,Ataxia,0.92013603,1,1
523,Mannitol,Tylenol,0.92937446,1,1
524,Otitis,Meningism,0.9523823,1,1
525,Clonus,Wellbutrin,0.9267475,1,1
526,Anemia,Plavix,0.92833257,1,1
527,Fish Oil,Zocor,0.91346735,1,1
528,Nocturia,Ethanol,0.9136443,1,1
529,Weakness,Cortisone,0.92649674,1,1
530,Dyslipidemia,Constipation,0.94690466,1,1
531,Mycosis,Prostatism,0.9605376,1,1
532,Dementia,Aloe Vera,0.9105002,1,1
533,Dysentery,Esmolol,0.92513454,1,1
534,Plague,Vivarin,0.9385742,1,1
535,Rabies,Silvadene,0.92795926,1,1
536,Influenza,Pneumoniae,0.9579751,1,1
537,Rabies,Head-Face-Neck-Syndrome,0.9263861,1,1
538,Plavix,Insulin,0.9450493,1,1
539,Giardiasis,Mannerism,0.9171295,1,1
540,Psoriasis,Atherosclerosis,0.913047,1,1
541,Propranolol,Bactroban,0.9229947,1,1
542,Toothache,Hytrin,0.89788103,1,0
543,Dermatomyositis,Myopathy,0.8784733,1,0
544,Starvation,Cisplatin,0.9364819,1,1
545,Anovulation,Amenorrhoea,0.9435049,1,1
546,Agranulocytosis,Anemia,0.8926516,1,0
547,Torticollis,Spasm,0.9256137,1,1
548,Tiredness,Calan,0.90468377,1,1
549,Calamine,Bleomycin,0.9365506,1,1
550,Hemochromatosis,Vermox,0.9251578,1,1
551,Anovulation,Sinemet,0.9404719,1,1
552,Hyperextension,Bacitracin,0.9120836,1,1
553,Albuterol,Serevent,0.93735945,1,1
554,Arthritis,Amyloidoses,0.9352859,1,1
555,Cyanosis,Primatine,0.9401874,1,1
556,Pepcid,Zantac,0.95959884,1,1
557,Epilepsy,Ischemia,0.9471695,1,1
558,Carsickness,Nausea,0.92615914,1,1
559,Fibrillation,Cardiomyopathies,0.9279963,1,1
560,zoonosis,Plague,0.9588545,1,1
561,Meningism,Zovirax,0.9405359,1,1
562,Abortions.spontaneous,Listeriosis,0.9186655,1,1
563,Dyspnea,Agitation,0.95508677,1,1
564,Encephalitis,Headache,0.9727723,1,1
565,Epilepsy,Actonel,0.9420543,1,1
